game_id,season,week,game_date,home_team,away_team,halftime_home_score,halftime_away_score,final_home_score,final_away_score,pregame_spread,pregame_total,trailing_team_home,trailing_team,halftime_deficit,trailing_team_was_favorite,trailing_team_favorite_by,trailing_team_won
2025_01_ARI_NO,2025,1,2025-09-07,NO,ARI,10.0,17.0,13,20,-6.0,44.5,True,NO,7,False,0.0,0
2025_01_BAL_BUF,2025,1,2025-09-07,BUF,BAL,13.0,20.0,41,40,-1.5,50.5,True,BUF,7,False,0.0,1
2025_01_CAR_JAX,2025,1,2025-09-07,JAX,CAR,20.0,3.0,26,10,4.5,45.5,False,CAR,17,False,0.0,0
2025_01_CIN_CLE,2025,1,2025-09-07,CLE,CIN,10.0,14.0,16,17,-5.5,47.5,True,CLE,4,False,0.0,0
2025_01_DAL_PHI,2025,1,2025-09-04,PHI,DAL,21.0,20.0,24,20,8.5,47.5,False,DAL,1,False,0.0,0
2025_01_DET_GB,2025,1,2025-09-07,GB,DET,17.0,3.0,27,13,1.5,48.5,False,DET,14,False,0.0,0
2025_01_HOU_LA,2025,1,2025-09-07,LA,HOU,7.0,9.0,14,9,3.5,43.5,True,LA,2,True,3.5,1
2025_01_KC_LAC,2025,1,2025-09-05,LAC,KC,13.0,6.0,27,21,-3.0,47.5,False,KC,7,True,3.0,0
2025_01_LV_NE,2025,1,2025-09-07,NE,LV,10.0,7.0,13,20,2.5,44.5,False,LV,3,False,0.0,1
2025_01_MIA_IND,2025,1,2025-09-07,IND,MIA,20.0,0.0,33,8,1.5,47.5,False,MIA,20,False,0.0,0
2025_01_MIN_CHI,2025,1,2025-09-08,CHI,MIN,10.0,6.0,24,27,-1.5,43.5,False,MIN,4,True,1.5,1
2025_01_NYG_WAS,2025,1,2025-09-07,WAS,NYG,14.0,3.0,21,6,6.0,45.5,False,NYG,11,False,0.0,0
2025_01_PIT_NYJ,2025,1,2025-09-07,NYJ,PIT,19.0,17.0,32,34,-3.0,37.5,False,PIT,2,True,3.0,1
2025_01_SF_SEA,2025,1,2025-09-07,SEA,SF,10.0,7.0,13,17,-2.5,43.5,False,SF,3,True,2.5,1
2025_01_TEN_DEN,2025,1,2025-09-07,DEN,TEN,10.0,9.0,20,12,8.5,42.5,False,TEN,1,False,0.0,0
2025_02_ATL_MIN,2025,2,2025-09-14,MIN,ATL,6.0,9.0,6,22,3.5,44.5,True,MIN,3,True,3.5,0
2025_02_BUF_NYJ,2025,2,2025-09-14,NYJ,BUF,3.0,20.0,10,30,-6.0,47.5,True,NYJ,17,False,0.0,0
2025_02_CAR_ARI,2025,2,2025-09-14,ARI,CAR,20.0,3.0,27,22,7.0,45.5,False,CAR,17,False,0.0,0
2025_02_CHI_DET,2025,2,2025-09-14,DET,CHI,28.0,14.0,52,21,6.0,46.5,False,CHI,14,False,0.0,0
2025_02_CLE_BAL,2025,2,2025-09-14,BAL,CLE,10.0,3.0,41,17,12.5,46.5,False,CLE,7,False,0.0,0
2025_02_DEN_IND,2025,2,2025-09-14,IND,DEN,20.0,21.0,29,28,-2.5,43.5,True,IND,1,False,0.0,1
2025_02_JAX_CIN,2025,2,2025-09-14,CIN,JAX,10.0,17.0,31,27,3.5,49.5,True,CIN,7,True,3.5,1
2025_02_LAC_LV,2025,2,2025-09-15,LV,LAC,6.0,17.0,9,20,-3.5,46.5,True,LV,11,False,0.0,0
2025_02_LA_TEN,2025,2,2025-09-14,TEN,LA,13.0,10.0,19,33,-5.5,41.5,False,LA,3,True,5.5,1
2025_02_NE_MIA,2025,2,2025-09-14,MIA,NE,14.0,15.0,27,33,1.5,43.5,True,MIA,1,True,1.5,0
2025_02_NYG_DAL,2025,2,2025-09-14,DAL,NYG,10.0,13.0,40,37,4.5,44.5,True,DAL,3,True,4.5,1
2025_02_SEA_PIT,2025,2,2025-09-14,PIT,SEA,14.0,7.0,17,31,3.5,40.5,False,SEA,7,False,0.0,1
2025_02_SF_NO,2025,2,2025-09-14,NO,SF,7.0,16.0,21,26,-3.0,40.5,True,NO,9,False,0.0,0
2025_02_TB_HOU,2025,2,2025-09-15,HOU,TB,10.0,14.0,19,20,2.5,42.5,True,HOU,4,True,2.5,0
2025_02_WAS_GB,2025,2,2025-09-11,GB,WAS,14.0,3.0,27,18,3.5,48.5,False,WAS,11,False,0.0,0
2025_03_ARI_SF,2025,3,2025-09-21,SF,ARI,6.0,3.0,16,15,1.5,44.5,False,ARI,3,False,0.0,0
2025_03_ATL_CAR,2025,3,2025-09-21,CAR,ATL,10.0,0.0,30,0,-5.5,44.5,False,ATL,10,True,5.5,0
2025_03_CIN_MIN,2025,3,2025-09-21,MIN,CIN,34.0,3.0,48,10,3.0,41.5,False,CIN,31,False,0.0,0
2025_03_DAL_CHI,2025,3,2025-09-21,CHI,DAL,24.0,14.0,31,14,-1.5,49.5,False,DAL,10,True,1.5,0
2025_03_DEN_LAC,2025,3,2025-09-21,LAC,DEN,10.0,7.0,23,20,2.5,45.5,False,DEN,3,False,0.0,0
2025_03_GB_CLE,2025,3,2025-09-21,CLE,GB,0.0,3.0,13,10,-8.5,41.5,True,CLE,3,False,0.0,1
2025_03_HOU_JAX,2025,3,2025-09-21,JAX,HOU,7.0,3.0,17,10,1.5,43.5,False,HOU,4,False,0.0,0
2025_03_IND_TEN,2025,3,2025-09-21,TEN,IND,6.0,20.0,20,41,-6.0,43.5,True,TEN,14,False,0.0,0
2025_03_KC_NYG,2025,3,2025-09-21,NYG,KC,6.0,9.0,9,22,-6.0,44.5,True,NYG,3,False,0.0,0
2025_03_LA_PHI,2025,3,2025-09-21,PHI,LA,7.0,19.0,33,26,3.5,45.5,True,PHI,12,True,3.5,1
2025_03_LV_WAS,2025,3,2025-09-21,WAS,LV,20.0,10.0,41,24,2.5,43.5,False,LV,10,False,0.0,0
2025_03_NO_SEA,2025,3,2025-09-21,SEA,NO,38.0,6.0,44,13,7.5,41.5,False,NO,32,False,0.0,0
2025_03_NYJ_TB,2025,3,2025-09-21,TB,NYJ,20.0,6.0,29,27,6.5,43.5,False,NYJ,14,False,0.0,0
2025_03_PIT_NE,2025,3,2025-09-21,NE,PIT,7.0,14.0,14,21,-1.5,44.5,True,NE,7,False,0.0,0
2025_04_BAL_KC,2025,4,2025-09-28,KC,BAL,20.0,10.0,37,20,-2.5,48.5,False,BAL,10,True,2.5,0
2025_04_CAR_NE,2025,4,2025-09-28,NE,CAR,28.0,6.0,42,13,5.5,42.5,False,CAR,22,False,0.0,0
2025_04_CHI_LV,2025,4,2025-09-28,LV,CHI,14.0,9.0,24,25,1.5,47.5,False,CHI,5,False,0.0,1
2025_04_CIN_DEN,2025,4,2025-09-29,DEN,CIN,21.0,3.0,28,3,7.5,44.5,False,CIN,18,False,0.0,0
2025_04_CLE_DET,2025,4,2025-09-28,DET,CLE,20.0,7.0,34,10,10.0,44.5,False,CLE,13,False,0.0,0
2025_04_GB_DAL,2025,4,2025-09-28,DAL,GB,16.0,13.0,40,40,-7.0,47.5,False,GB,3,True,7.0,0
2025_04_IND_LA,2025,4,2025-09-28,LA,IND,13.0,10.0,27,20,3.5,49.5,False,IND,3,False,0.0,0
2025_04_JAX_SF,2025,4,2025-09-28,SF,JAX,6.0,17.0,21,26,3.5,45.5,True,SF,11,True,3.5,0
2025_04_LAC_NYG,2025,4,2025-09-28,NYG,LAC,13.0,10.0,21,18,-6.0,43.5,False,LAC,3,True,6.0,0
2025_04_MIN_PIT,2025,4,2025-09-28,PIT,MIN,14.0,6.0,24,21,-2.5,41.5,False,MIN,8,True,2.5,0
2025_04_NO_BUF,2025,4,2025-09-28,BUF,NO,14.0,10.0,31,19,15.5,48.5,False,NO,4,False,0.0,0
2025_04_NYJ_MIA,2025,4,2025-09-29,MIA,NYJ,10.0,3.0,27,21,2.5,44.5,False,NYJ,7,False,0.0,0
2025_04_PHI_TB,2025,4,2025-09-28,TB,PHI,6.0,24.0,25,31,-3.5,44.5,True,TB,18,False,0.0,0
2025_04_SEA_ARI,2025,4,2025-09-25,ARI,SEA,3.0,14.0,20,23,-1.5,43.5,True,ARI,11,False,0.0,0
2025_04_TEN_HOU,2025,4,2025-09-28,HOU,TEN,6.0,0.0,26,0,7.5,39.5,False,TEN,6,False,0.0,0
2025_04_WAS_ATL,2025,4,2025-09-28,ATL,WAS,17.0,10.0,34,27,2.5,43.5,False,WAS,7,False,0.0,0
2025_05_DAL_NYJ,2025,5,2025-10-05,NYJ,DAL,3.0,23.0,22,37,1.5,48.5,True,NYJ,20,True,1.5,0
2025_05_DEN_PHI,2025,5,2025-10-05,PHI,DEN,10.0,3.0,17,21,3.5,44.5,False,DEN,7,False,0.0,1
2025_05_DET_CIN,2025,5,2025-10-05,CIN,DET,3.0,14.0,24,37,-10.5,49.5,True,CIN,11,False,0.0,0
2025_05_HOU_BAL,2025,5,2025-10-05,BAL,HOU,3.0,24.0,10,44,-2.5,41.5,True,BAL,21,False,0.0,0
2025_05_KC_JAX,2025,5,2025-10-06,JAX,KC,7.0,14.0,31,28,-3.5,45.5,True,JAX,7,False,0.0,1
2025_05_LV_IND,2025,5,2025-10-05,IND,LV,20.0,3.0,40,6,7.0,46.5,False,LV,17,False,0.0,0
2025_05_MIA_CAR,2025,5,2025-10-05,CAR,MIA,10.0,17.0,27,24,-1.5,44.5,True,CAR,7,False,0.0,1
2025_05_MIN_CLE,2025,5,2025-10-05,CLE,MIN,10.0,7.0,17,21,-3.5,35.5,False,MIN,3,True,3.5,1
2025_05_NE_BUF,2025,5,2025-10-05,BUF,NE,3.0,6.0,20,23,7.5,49.5,True,BUF,3,True,7.5,0
2025_05_NYG_NO,2025,5,2025-10-05,NO,NYG,16.0,14.0,26,14,1.5,41.5,False,NYG,2,False,0.0,0
2025_05_SF_LA,2025,5,2025-10-02,LA,SF,7.0,17.0,23,26,8.5,43.5,True,LA,10,True,8.5,0
2025_05_TB_SEA,2025,5,2025-10-05,SEA,TB,7.0,13.0,35,38,3.5,44.5,True,SEA,6,True,3.5,0
2025_05_TEN_ARI,2025,5,2025-10-05,ARI,TEN,21.0,6.0,21,22,7.5,41.5,False,TEN,15,False,0.0,1
2025_06_ARI_IND,2025,6,2025-10-12,IND,ARI,14.0,10.0,31,27,8.5,46.5,False,ARI,4,False,0.0,0
2025_06_BUF_ATL,2025,6,2025-10-13,ATL,BUF,21.0,7.0,24,14,-3.5,49.5,False,BUF,14,True,3.5,0
2025_06_CHI_WAS,2025,6,2025-10-13,WAS,CHI,7.0,13.0,24,25,5.5,49.5,True,WAS,6,True,5.5,0
2025_06_CIN_GB,2025,6,2025-10-12,GB,CIN,10.0,0.0,27,18,14.0,44.5,False,CIN,10,False,0.0,0
2025_06_CLE_PIT,2025,6,2025-10-12,PIT,CLE,9.0,3.0,23,9,5.5,37.5,False,CLE,6,False,0.0,0
2025_06_DAL_CAR,2025,6,2025-10-12,CAR,DAL,13.0,17.0,30,27,-3.0,47.5,True,CAR,4,False,0.0,1
2025_06_DEN_NYJ,2025,6,2025-10-12,NYJ,DEN,6.0,10.0,11,13,-7.5,43.5,True,NYJ,4,False,0.0,0
2025_06_DET_KC,2025,6,2025-10-12,KC,DET,13.0,10.0,30,17,2.5,51.5,False,DET,3,False,0.0,0
2025_06_LAC_MIA,2025,6,2025-10-12,MIA,LAC,13.0,9.0,27,29,-3.5,45.5,False,LAC,4,True,3.5,1
2025_06_NE_NO,2025,6,2025-10-12,NO,NE,16.0,22.0,19,25,-3.5,46.5,True,NO,6,False,0.0,0
2025_06_PHI_NYG,2025,6,2025-10-09,NYG,PHI,20.0,17.0,34,17,-7.0,40.5,False,PHI,3,True,7.0,0
2025_06_SEA_JAX,2025,6,2025-10-12,JAX,SEA,6.0,13.0,12,20,-1.5,47.5,True,JAX,7,False,0.0,0
2025_06_SF_TB,2025,6,2025-10-12,TB,SF,20.0,16.0,30,19,3.5,46.5,False,SF,4,False,0.0,0
2025_06_TEN_LV,2025,6,2025-10-12,LV,TEN,10.0,0.0,20,10,3.5,41.5,False,TEN,10,False,0.0,0
2025_07_ATL_SF,2025,7,2025-10-19,SF,ATL,10.0,3.0,20,10,1.5,46.5,False,ATL,7,False,0.0,0
2025_07_CAR_NYJ,2025,7,2025-10-19,NYJ,CAR,3.0,10.0,6,13,1.5,39.5,True,NYJ,7,True,1.5,0
2025_07_GB_ARI,2025,7,2025-10-19,ARI,GB,13.0,6.0,23,27,-7.0,44.5,False,GB,7,True,7.0,1
2025_07_HOU_SEA,2025,7,2025-10-20,SEA,HOU,14.0,6.0,27,19,3.0,41.5,False,HOU,8,False,0.0,0
2025_07_IND_LAC,2025,7,2025-10-19,LAC,IND,3.0,23.0,24,38,2.5,48.5,True,LAC,20,True,2.5,0
2025_07_LA_JAX,2025,7,2025-10-19,JAX,LA,0.0,21.0,7,35,-3.0,44.5,True,JAX,21,False,0.0,0
2025_07_LV_KC,2025,7,2025-10-19,KC,LV,21.0,0.0,31,0,13.5,44.5,False,LV,21,False,0.0,0
2025_07_MIA_CLE,2025,7,2025-10-19,CLE,MIA,17.0,6.0,31,6,2.5,34.5,False,MIA,11,False,0.0,0
2025_07_NE_TEN,2025,7,2025-10-19,TEN,NE,13.0,17.0,13,31,-6.5,40.5,True,TEN,4,False,0.0,0
2025_07_NO_CHI,2025,7,2025-10-19,CHI,NO,20.0,7.0,26,14,4.5,43.5,False,NO,13,False,0.0,0
2025_07_NYG_DEN,2025,7,2025-10-19,DEN,NYG,0.0,13.0,33,32,7.5,39.5,True,DEN,13,True,7.5,1
2025_07_PHI_MIN,2025,7,2025-10-19,MIN,PHI,6.0,14.0,22,28,-2.5,43.5,True,MIN,8,False,0.0,0
2025_07_PIT_CIN,2025,7,2025-10-16,CIN,PIT,17.0,10.0,33,31,-5.5,45.5,False,PIT,7,True,5.5,0
2025_07_TB_DET,2025,7,2025-10-20,DET,TB,14.0,3.0,24,9,6.0,54.5,False,TB,11,False,0.0,0
2025_07_WAS_DAL,2025,7,2025-10-19,DAL,WAS,27.0,15.0,44,22,1.5,54.5,False,WAS,12,False,0.0,0
2025_08_BUF_CAR,2025,8,2025-10-26,CAR,BUF,3.0,19.0,9,40,-7.0,47.5,True,CAR,16,False,0.0,0
2025_08_CHI_BAL,2025,8,2025-10-26,BAL,CHI,10.0,6.0,30,16,2.5,45.5,False,CHI,4,False,0.0,0
2025_08_CLE_NE,2025,8,2025-10-26,NE,CLE,9.0,7.0,32,13,7.0,40.5,False,CLE,2,False,0.0,0
2025_08_DAL_DEN,2025,8,2025-10-26,DEN,DAL,27.0,10.0,44,24,3.5,51.5,False,DAL,17,False,0.0,0
2025_08_GB_PIT,2025,8,2025-10-26,PIT,GB,16.0,7.0,25,35,-3.0,46.5,False,GB,9,True,3.0,1
2025_08_MIA_ATL,2025,8,2025-10-26,ATL,MIA,3.0,17.0,10,34,7.0,44.5,True,ATL,14,True,7.0,0
2025_08_MIN_LAC,2025,8,2025-10-23,LAC,MIN,21.0,3.0,37,10,3.0,45.5,False,MIN,18,False,0.0,0
2025_08_NYG_PHI,2025,8,2025-10-26,PHI,NYG,21.0,10.0,38,20,7.0,43.5,False,NYG,11,False,0.0,0
2025_08_NYJ_CIN,2025,8,2025-10-26,CIN,NYJ,24.0,13.0,38,39,5.5,43.5,False,NYJ,11,False,0.0,1
2025_08_SF_HOU,2025,8,2025-10-26,HOU,SF,16.0,7.0,26,15,2.5,41.5,False,SF,9,False,0.0,0
2025_08_TB_NO,2025,8,2025-10-26,NO,TB,3.0,7.0,3,23,-4.5,46.5,True,NO,4,False,0.0,0
2025_08_TEN_IND,2025,8,2025-10-26,IND,TEN,17.0,7.0,38,14,15.5,47.5,False,TEN,10,False,0.0,0
2025_09_ARI_DAL,2025,9,2025-11-03,DAL,ARI,7.0,17.0,17,27,3.5,53.5,True,DAL,10,True,3.5,0
2025_09_ATL_NE,2025,9,2025-11-02,NE,ATL,21.0,14.0,24,23,5.5,45.5,False,ATL,7,False,0.0,0
2025_09_BAL_MIA,2025,9,2025-10-30,MIA,BAL,6.0,14.0,6,28,-7.5,51.5,True,MIA,8,False,0.0,0
2025_09_CAR_GB,2025,9,2025-11-02,GB,CAR,6.0,7.0,13,16,12.5,43.5,True,GB,1,True,12.5,0
2025_09_CHI_CIN,2025,9,2025-11-02,CIN,CHI,20.0,17.0,42,47,-3.0,51.5,False,CHI,3,True,3.0,1
2025_09_DEN_HOU,2025,9,2025-11-02,HOU,DEN,12.0,7.0,15,18,1.5,40.5,False,DEN,5,False,0.0,1
2025_09_IND_PIT,2025,9,2025-11-02,PIT,IND,17.0,7.0,27,20,-3.5,51.5,False,IND,10,True,3.5,0
2025_09_JAX_LV,2025,9,2025-11-02,LV,JAX,6.0,3.0,29,30,-2.5,43.5,False,JAX,3,True,2.5,1
2025_09_KC_BUF,2025,9,2025-11-02,BUF,KC,21.0,13.0,28,21,-2.5,53.5,False,KC,8,True,2.5,0
2025_09_LAC_TEN,2025,9,2025-11-02,TEN,LAC,17.0,20.0,20,27,-10.0,44.5,True,TEN,3,False,0.0,0
2025_09_MIN_DET,2025,9,2025-11-02,DET,MIN,14.0,17.0,24,27,9.5,47.5,True,DET,3,True,9.5,0
2025_09_NO_LA,2025,9,2025-11-02,LA,NO,20.0,10.0,34,10,14.0,44.5,False,NO,10,False,0.0,0
2025_09_SEA_WAS,2025,9,2025-11-02,WAS,SEA,7.0,31.0,14,38,-2.5,47.5,True,WAS,24,False,0.0,0
2025_09_SF_NYG,2025,9,2025-11-02,NYG,SF,7.0,17.0,24,34,-2.5,47.5,True,NYG,10,False,0.0,0
2025_10_ARI_SEA,2025,10,2025-11-09,SEA,ARI,38.0,7.0,44,22,7.0,44.5,False,ARI,31,False,0.0,0
2025_10_ATL_IND,2025,10,2025-11-09,IND,ATL,13.0,14.0,31,25,6.5,48.5,True,IND,1,True,6.5,1
2025_10_BAL_MIN,2025,10,2025-11-09,MIN,BAL,10.0,9.0,19,27,-4.5,48.5,False,BAL,1,True,4.5,1
2025_10_BUF_MIA,2025,10,2025-11-09,MIA,BUF,16.0,0.0,30,13,-8.5,50.5,False,BUF,16,True,8.5,0
2025_10_DET_WAS,2025,10,2025-11-09,WAS,DET,10.0,25.0,22,44,-8.5,49.5,True,WAS,15,False,0.0,0
2025_10_JAX_HOU,2025,10,2025-11-09,HOU,JAX,10.0,20.0,36,29,-1.5,37.5,True,HOU,10,False,0.0,1
2025_10_LA_SF,2025,10,2025-11-09,SF,LA,7.0,21.0,26,42,-5.5,49.5,True,SF,14,False,0.0,0
2025_10_NE_TB,2025,10,2025-11-09,TB,NE,10.0,14.0,23,28,2.5,48.5,True,TB,4,True,2.5,0
2025_10_NO_CAR,2025,10,2025-11-09,CAR,NO,7.0,10.0,7,17,5.5,38.5,True,CAR,3,True,5.5,0
2025_10_NYG_CHI,2025,10,2025-11-09,CHI,NYG,7.0,10.0,24,20,4.5,45.5,True,CHI,3,True,4.5,1
2025_10_PIT_LAC,2025,10,2025-11-09,LAC,PIT,12.0,3.0,25,10,3.0,45.5,False,PIT,9,False,0.0,0
2025_11_BAL_CLE,2025,11,2025-11-16,CLE,BAL,16.0,10.0,16,23,-7.5,37.5,False,BAL,6,True,7.5,1
2025_11_CAR_ATL,2025,11,2025-11-16,ATL,CAR,21.0,10.0,27,30,4.5,42.5,False,CAR,11,False,0.0,1
2025_11_CHI_MIN,2025,11,2025-11-16,MIN,CHI,3.0,10.0,17,19,3.0,47.5,True,MIN,7,True,3.0,0
2025_11_CIN_PIT,2025,11,2025-11-16,PIT,CIN,10.0,6.0,34,12,5.5,48.5,False,CIN,4,False,0.0,0
2025_11_DAL_LV,2025,11,2025-11-17,LV,DAL,9.0,24.0,16,33,-3.5,48.5,True,LV,15,False,0.0,0
2025_11_DET_PHI,2025,11,2025-11-16,PHI,DET,13.0,6.0,16,9,2.5,46.5,False,DET,7,False,0.0,0
2025_11_HOU_TEN,2025,11,2025-11-16,TEN,HOU,3.0,0.0,13,16,-5.5,37.5,False,HOU,3,True,5.5,1
2025_11_LAC_JAX,2025,11,2025-11-16,JAX,LAC,14.0,6.0,35,6,-3.0,43.5,False,LAC,8,True,3.0,0
2025_11_NYJ_NE,2025,11,2025-11-13,NE,NYJ,14.0,7.0,27,14,12.5,43.5,False,NYJ,7,False,0.0,0
2025_11_SEA_LA,2025,11,2025-11-16,LA,SEA,14.0,9.0,21,19,3.0,49.5,False,SEA,5,False,0.0,0
2025_11_SF_ARI,2025,11,2025-11-16,ARI,SF,10.0,25.0,22,41,-3.5,48.5,True,ARI,15,False,0.0,0
2025_11_TB_BUF,2025,11,2025-11-16,BUF,TB,21.0,20.0,44,32,6.0,46.5,False,TB,1,False,0.0,0
2025_12_ATL_NO,2025,12,2025-11-23,NO,ATL,7.0,16.0,10,24,1.5,41.5,True,NO,9,True,1.5,0
2025_12_BUF_HOU,2025,12,2025-11-20,HOU,BUF,20.0,16.0,23,19,-5.5,43.5,False,BUF,4,True,5.5,0
2025_12_CAR_SF,2025,12,2025-11-24,SF,CAR,10.0,3.0,20,9,7.5,48.5,False,CAR,7,False,0.0,0
2025_12_CLE_LV,2025,12,2025-11-23,LV,CLE,3.0,14.0,10,24,3.0,35.5,True,LV,11,True,3.0,0
2025_12_IND_KC,2025,12,2025-11-23,KC,IND,9.0,14.0,23,20,3.5,50.5,True,KC,5,True,3.5,1
2025_12_JAX_ARI,2025,12,2025-11-23,ARI,JAX,14.0,10.0,24,27,-2.5,47.5,False,JAX,4,True,2.5,1
2025_12_MIN_GB,2025,12,2025-11-23,GB,MIN,10.0,6.0,23,6,6.5,41.5,False,MIN,4,False,0.0,0
2025_12_NE_CIN,2025,12,2025-11-23,CIN,NE,13.0,17.0,20,26,-7.5,50.5,True,CIN,4,False,0.0,0
2025_12_NYG_DET,2025,12,2025-11-23,DET,NYG,17.0,20.0,34,27,14.0,50.5,True,DET,3,True,14.0,1
2025_12_NYJ_BAL,2025,12,2025-11-23,BAL,NYJ,3.0,7.0,23,10,14.0,44.5,True,BAL,4,True,14.0,1
2025_12_PHI_DAL,2025,12,2025-11-23,DAL,PHI,7.0,21.0,24,21,-3.0,47.5,True,DAL,14,False,0.0,1
2025_12_PIT_CHI,2025,12,2025-11-23,CHI,PIT,17.0,21.0,31,28,3.0,46.5,True,CHI,4,True,3.0,1
2025_12_SEA_TEN,2025,12,2025-11-23,TEN,SEA,3.0,16.0,24,30,-12.5,41.5,True,TEN,13,False,0.0,0
2025_12_TB_LA,2025,12,2025-11-23,LA,TB,31.0,7.0,34,7,7.0,49.5,False,TB,24,False,0.0,0
2025_13_ARI_TB,2025,13,2025-11-30,TB,ARI,10.0,3.0,20,17,4.5,44.5,False,ARI,7,False,0.0,0
2025_13_BUF_PIT,2025,13,2025-11-30,PIT,BUF,7.0,3.0,7,26,-3.0,44.5,False,BUF,4,True,3.0,1
2025_13_CHI_PHI,2025,13,2025-11-28,PHI,CHI,3.0,10.0,15,24,7.0,43.5,True,PHI,7,True,7.0,0
2025_13_CIN_BAL,2025,13,2025-11-27,BAL,CIN,7.0,12.0,14,32,7.0,52.5,True,BAL,5,True,7.0,0
2025_13_DEN_WAS,2025,13,2025-11-30,WAS,DEN,7.0,13.0,26,27,-6.5,43.5,True,WAS,6,False,0.0,0
2025_13_GB_DET,2025,13,2025-11-27,DET,GB,14.0,17.0,24,31,2.5,48.5,True,DET,3,True,2.5,0
2025_13_HOU_IND,2025,13,2025-11-30,IND,HOU,6.0,10.0,16,20,3.0,44.5,True,IND,4,True,3.0,0
2025_13_JAX_TEN,2025,13,2025-11-30,TEN,JAX,3.0,18.0,3,25,-6.0,42.5,True,TEN,15,False,0.0,0
2025_13_KC_DAL,2025,13,2025-11-27,DAL,KC,17.0,14.0,31,28,-3.5,53.5,False,KC,3,True,3.5,0
2025_13_LA_CAR,2025,13,2025-11-30,CAR,LA,17.0,21.0,31,28,-10.0,44.5,True,CAR,4,False,0.0,1
2025_13_MIN_SEA,2025,13,2025-11-30,SEA,MIN,13.0,0.0,26,0,12.5,42.5,False,MIN,13,False,0.0,0
2025_13_NO_MIA,2025,13,2025-11-30,MIA,NO,16.0,0.0,21,17,5.5,41.5,False,NO,16,False,0.0,0
2025_13_NYG_NE,2025,13,2025-12-01,NE,NYG,30.0,7.0,33,15,7.0,46.5,False,NYG,23,False,0.0,0
2025_13_SF_CLE,2025,13,2025-11-30,CLE,SF,8.0,10.0,8,26,-5.5,35.5,True,CLE,2,False,0.0,0
2025_14_CHI_GB,2025,14,2025-12-07,GB,CHI,14.0,3.0,28,21,6.5,44.5,False,CHI,11,False,0.0,0
2025_14_CIN_BUF,2025,14,2025-12-07,BUF,CIN,11.0,21.0,39,34,6.0,54.5,True,BUF,10,True,6.0,1
2025_14_DAL_DET,2025,14,2025-12-04,DET,DAL,20.0,9.0,44,30,3.5,55.5,False,DAL,11,False,0.0,0
2025_14_DEN_LV,2025,14,2025-12-07,LV,DEN,7.0,14.0,17,24,-8.5,40.5,True,LV,7,False,0.0,0
2025_14_HOU_KC,2025,14,2025-12-07,KC,HOU,0.0,10.0,10,20,4.5,41.5,True,KC,10,True,4.5,0
2025_14_IND_JAX,2025,14,2025-12-07,JAX,IND,28.0,10.0,36,19,-2.5,44.5,False,IND,18,True,2.5,0
2025_14_LA_ARI,2025,14,2025-12-07,ARI,LA,10.0,24.0,17,45,-9.5,49.5,True,ARI,14,False,0.0,0
2025_14_MIA_NYJ,2025,14,2025-12-07,NYJ,MIA,7.0,24.0,10,34,-2.5,41.5,True,NYJ,17,False,0.0,0
2025_14_NO_TB,2025,14,2025-12-07,TB,NO,10.0,7.0,20,24,7.5,41.5,False,NO,3,False,0.0,1
2025_14_PHI_LAC,2025,14,2025-12-08,LAC,PHI,10.0,6.0,22,19,-1.5,41.5,False,PHI,4,True,1.5,0
2025_14_PIT_BAL,2025,14,2025-12-07,BAL,PIT,9.0,17.0,22,27,5.5,43.5,True,BAL,8,True,5.5,0
2025_14_TEN_CLE,2025,14,2025-12-07,CLE,TEN,17.0,14.0,29,31,4.5,33.5,False,TEN,3,False,0.0,1
2025_14_WAS_MIN,2025,14,2025-12-07,MIN,WAS,14.0,0.0,31,0,-1.5,43.5,False,WAS,14,True,1.5,0
2025_15_ARI_HOU,2025,15,2025-12-14,HOU,ARI,23.0,7.0,40,20,10.5,42.5,False,ARI,16,False,0.0,0
2025_15_ATL_TB,2025,15,2025-12-11,TB,ATL,13.0,14.0,28,29,6.0,43.5,True,TB,1,True,6.0,0
2025_15_BAL_CIN,2025,15,2025-12-14,CIN,BAL,0.0,14.0,0,24,-2.5,51.5,True,CIN,14,False,0.0,0
2025_15_BUF_NE,2025,15,2025-12-14,NE,BUF,24.0,7.0,31,35,-2.5,49.5,False,BUF,17,True,2.5,1
2025_15_CAR_NO,2025,15,2025-12-14,NO,CAR,7.0,10.0,20,17,-2.5,41.5,True,NO,3,False,0.0,1
2025_15_CLE_CHI,2025,15,2025-12-14,CHI,CLE,14.0,0.0,31,3,7.5,38.5,False,CLE,14,False,0.0,0
2025_15_DET_LA,2025,15,2025-12-14,LA,DET,17.0,24.0,41,34,5.5,54.5,True,LA,7,True,5.5,1
2025_15_GB_DEN,2025,15,2025-12-14,DEN,GB,14.0,16.0,34,26,-1.5,42.5,True,DEN,2,False,0.0,1
2025_15_IND_SEA,2025,15,2025-12-14,SEA,IND,6.0,13.0,18,16,13.5,41.5,True,SEA,7,True,13.5,1
2025_15_LAC_KC,2025,15,2025-12-14,KC,LAC,13.0,10.0,13,16,5.5,41.5,False,LAC,3,False,0.0,1
2025_15_LV_PHI,2025,15,2025-12-14,PHI,LV,17.0,0.0,31,0,12.5,37.5,False,LV,17,False,0.0,0
2025_15_MIA_PIT,2025,15,2025-12-15,PIT,MIA,7.0,3.0,28,15,3.0,42.5,False,MIA,4,False,0.0,0
2025_15_NYJ_JAX,2025,15,2025-12-14,JAX,NYJ,31.0,10.0,48,20,13.5,40.5,False,NYJ,21,False,0.0,0
2025_15_TEN_SF,2025,15,2025-12-14,SF,TEN,17.0,10.0,37,24,12.5,44.5,False,TEN,7,False,0.0,0
2025_15_WAS_NYG,2025,15,2025-12-14,NYG,WAS,7.0,22.0,21,29,2.5,46.5,True,NYG,15,True,2.5,0
2025_16_BUF_CLE,2025,16,2025-12-21,CLE,BUF,10.0,20.0,20,23,-10.5,41.5,True,CLE,10,False,0.0,0
2025_16_CIN_MIA,2025,16,2025-12-21,MIA,CIN,14.0,17.0,21,45,-3.5,48.5,True,MIA,3,False,0.0,0
2025_16_GB_CHI,2025,16,2025-12-20,CHI,GB,0.0,6.0,22,16,1.5,45.5,True,CHI,6,True,1.5,1
2025_16_JAX_DEN,2025,16,2025-12-21,DEN,JAX,10.0,17.0,20,34,3.5,46.5,True,DEN,7,True,3.5,0
2025_16_KC_TEN,2025,16,2025-12-21,TEN,KC,9.0,6.0,26,9,-3.5,37.5,False,KC,3,True,3.5,0
2025_16_LAC_DAL,2025,16,2025-12-21,DAL,LAC,17.0,21.0,17,34,1.5,50.5,True,DAL,4,True,1.5,0
2025_16_LA_SEA,2025,16,2025-12-18,SEA,LA,7.0,13.0,38,37,1.5,42.5,True,SEA,6,True,1.5,1
2025_16_LV_HOU,2025,16,2025-12-21,HOU,LV,13.0,7.0,23,21,14.5,39.5,False,LV,6,False,0.0,0
2025_16_MIN_NYG,2025,16,2025-12-21,NYG,MIN,10.0,13.0,13,16,-2.5,41.5,True,NYG,3,False,0.0,0
2025_16_NYJ_NO,2025,16,2025-12-21,NO,NYJ,9.0,6.0,29,6,6.5,39.5,False,NYJ,3,False,0.0,0
2025_16_PHI_WAS,2025,16,2025-12-20,WAS,PHI,10.0,7.0,18,29,-7.0,43.5,False,PHI,3,True,7.0,1
2025_16_SF_IND,2025,16,2025-12-22,IND,SF,17.0,24.0,27,48,-4.5,46.5,True,IND,7,False,0.0,0
2025_16_TB_CAR,2025,16,2025-12-21,CAR,TB,13.0,10.0,23,20,-3.0,44.5,False,TB,3,True,3.0,0
2025_17_ARI_CIN,2025,17,2025-12-28,CIN,ARI,23.0,7.0,37,14,7.0,52.5,False,ARI,16,False,0.0,0
2025_17_BAL_GB,2025,17,2025-12-27,GB,BAL,14.0,27.0,24,41,2.5,38.5,True,GB,13,True,2.5,0
2025_17_CHI_SF,2025,17,2025-12-28,SF,CHI,28.0,21.0,42,38,3.5,51.5,False,CHI,7,False,0.0,0
2025_17_DAL_WAS,2025,17,2025-12-25,WAS,DAL,10.0,24.0,23,30,-8.5,50.5,True,WAS,14,False,0.0,0
2025_17_DEN_KC,2025,17,2025-12-25,KC,DEN,7.0,6.0,13,20,-13.5,37.5,False,DEN,1,True,13.5,1
2025_17_HOU_LAC,2025,17,2025-12-27,LAC,HOU,3.0,14.0,16,20,1.5,40.5,True,LAC,11,True,1.5,0
2025_17_JAX_IND,2025,17,2025-12-28,IND,JAX,10.0,7.0,17,23,-3.5,48.5,False,JAX,3,True,3.5,1
2025_17_LA_ATL,2025,17,2025-12-29,ATL,LA,21.0,0.0,27,24,-7.5,48.5,False,LA,21,True,7.5,0
2025_17_NE_NYJ,2025,17,2025-12-28,NYJ,NE,3.0,35.0,10,42,-12.5,42.5,True,NYJ,32,False,0.0,0
2025_17_NO_TEN,2025,17,2025-12-28,TEN,NO,20.0,10.0,26,34,-1.5,39.5,False,NO,10,True,1.5,1
2025_17_NYG_LV,2025,17,2025-12-28,LV,NYG,3.0,17.0,10,34,-3.0,40.5,True,LV,14,False,0.0,0
2025_17_PHI_BUF,2025,17,2025-12-28,BUF,PHI,0.0,13.0,12,13,3.0,45.5,True,BUF,13,True,3.0,0
2025_17_PIT_CLE,2025,17,2025-12-28,CLE,PIT,10.0,6.0,13,6,-4.5,35.5,False,PIT,4,True,4.5,0
2025_17_TB_MIA,2025,17,2025-12-28,MIA,TB,17.0,7.0,20,17,-5.5,44.5,False,TB,10,True,5.5,0
2025_18_ARI_LA,2025,18,2026-01-04,LA,ARI,16.0,6.0,37,20,14.5,49.5,False,ARI,10,False,0.0,0
2025_18_BAL_PIT,2025,18,2026-01-04,PIT,BAL,3.0,10.0,26,24,-4.5,41.5,True,PIT,7,False,0.0,1
2025_18_CAR_TB,2025,18,2026-01-03,TB,CAR,10.0,7.0,16,14,3.0,43.5,False,CAR,3,False,0.0,0
2025_18_CLE_CIN,2025,18,2026-01-04,CIN,CLE,12.0,14.0,18,20,9.5,47.5,True,CIN,2,True,9.5,0
2025_18_DAL_NYG,2025,18,2026-01-04,NYG,DAL,16.0,10.0,34,17,-3.0,50.5,False,DAL,6,True,3.0,0
2025_18_DET_CHI,2025,18,2026-01-04,CHI,DET,0.0,13.0,16,19,3.5,51.5,True,CHI,13,True,3.5,0
2025_18_GB_MIN,2025,18,2026-01-04,MIN,GB,13.0,0.0,16,3,12.5,37.5,False,GB,13,False,0.0,0
2025_18_IND_HOU,2025,18,2026-01-04,HOU,IND,23.0,17.0,38,30,9.5,37.5,False,IND,6,False,0.0,0
2025_18_KC_LV,2025,18,2026-01-04,LV,KC,6.0,3.0,14,12,-3.5,36.5,False,KC,3,True,3.5,0
2025_18_LAC_DEN,2025,18,2026-01-04,DEN,LAC,10.0,3.0,19,3,14.5,37.5,False,LAC,7,False,0.0,0
2025_18_MIA_NE,2025,18,2026-01-04,NE,MIA,17.0,10.0,38,10,14.0,44.5,False,MIA,7,False,0.0,0
2025_18_NO_ATL,2025,18,2026-01-04,ATL,NO,10.0,7.0,19,17,4.5,43.5,False,NO,3,False,0.0,0
2025_18_NYJ_BUF,2025,18,2026-01-04,BUF,NYJ,21.0,0.0,35,8,12.5,39.5,False,NYJ,21,False,0.0,0
2025_18_SEA_SF,2025,18,2026-01-03,SF,SEA,3.0,10.0,3,13,-2.5,47.5,True,SF,7,False,0.0,0
2025_18_TEN_JAX,2025,18,2026-01-04,JAX,TEN,31.0,7.0,41,7,12.5,46.5,False,TEN,24,False,0.0,0
2025_18_WAS_PHI,2025,18,2026-01-04,PHI,WAS,7.0,10.0,17,24,3.0,38.5,True,PHI,3,True,3.0,0
